Date,Open,High,Low,Close,Volume,Adjusted
2013-02-08,27.35,27.71,27.31,27.55,33318306,27.55
2013-02-11,27.65,27.92,27.5,27.86,32247549,27.86
2013-02-12,27.88,28.0,27.75,27.88,35990829,27.88
2013-02-13,27.93,28.11,27.88,28.03,41715530,28.03
2013-02-14,27.92,28.06,27.87,28.04,32663174,28.04
2013-02-15,28.04,28.16,27.875,28.01,49650538,28.01
2013-02-19,27.8801,28.09,27.8,28.045,38804616,28.045
2013-02-20,28.13,28.2,27.83,27.87,44109412,27.87
2013-02-21,27.74,27.74,27.23,27.49,49078338,27.49
2013-02-22,27.68,27.76,27.48,27.76,31425726,27.76
2013-02-25,27.97,28.05,27.37,27.37,48011248,27.37
2013-02-26,27.38,27.6,27.34,27.37,49917353,27.37
2013-02-27,27.42,28.0,27.33,27.81,36390889,27.81
2013-02-28,27.88,27.97,27.74,27.8,35836861,27.8
2013-03-01,27.72,27.98,27.52,27.95,34849287,27.95
2013-03-04,27.85,28.15,27.7,28.15,38163549,28.15
2013-03-05,28.29,28.54,28.16,28.35,41431097,28.35
2013-03-06,28.21,28.23,27.78,28.09,51448452,28.09
2013-03-07,28.11,28.28,28.005,28.14,29196691,28.14
2013-03-08,28.25,28.33,27.96,28.0,37667133,28.0
2013-03-11,27.94,27.97,27.67,27.87,36627200,27.87
2013-03-12,27.84,27.95,27.64,27.91,39252591,27.91
2013-03-13,27.87,28.02,27.75,27.915,29093296,27.915
2013-03-14,28.0,28.16,27.93,28.135,55910657,28.135
2013-03-15,28.03,28.16,27.98,28.035,92709815,28.035
2013-03-18,27.88,28.28,27.81,28.1,44825522,28.1
2013-03-19,28.12,28.22,28.03,28.18,51901568,28.18
2013-03-20,28.34,28.49,28.18,28.315,35447348,28.315
2013-03-21,28.11,28.36,28.05,28.11,34233061,28.11
2013-03-22,28.19,28.3379,28.1,28.25,28689434,28.25
2013-03-25,28.3,28.35,27.96,28.16,44153931,28.16
2013-03-26,28.24,28.34,28.11,28.155,27822154,28.155
2013-03-27,28.14,28.445,28.08,28.37,36046203,28.37
2013-03-28,28.32,28.66,28.26,28.605,55453713,28.605
2013-04-01,28.64,28.66,28.36,28.61,29199115,28.61
2013-04-02,28.59,28.85,28.52,28.8,28455715,28.8
2013-04-03,28.75,28.95,28.54,28.56,35062269,28.56
2013-04-04,28.39,28.61,28.27,28.595,45262208,28.595
2013-04-05,28.22,28.78,28.11,28.7,50927261,28.7
2013-04-08,28.73,28.73,28.47,28.59,34759424,28.59
2013-04-09,28.73,29.815,28.68,29.61,77733607,29.61
2013-04-10,29.57,30.32,29.52,30.28,71024236,30.28
2013-04-11,29.1,29.2,28.73,28.935,130903838,28.935
2013-04-12,28.85,29.02,28.66,28.79,62882640,28.79
2013-04-15,28.65,28.98,28.51,28.69,56332862,28.69
2013-04-16,28.9,29.14,28.695,28.97,52795256,28.97
2013-04-17,28.85,29.04,28.6,28.825,52840621,28.825
2013-04-18,28.95,28.98,28.5,28.79,56772087,28.79
2013-04-19,29.62,30.24,29.61,29.765,99790116,29.765
2013-04-22,30.3,31.18,30.27,30.83,137901279,30.83
2013-04-23,30.7,30.9,30.38,30.6,59027213,30.6
2013-04-24,30.62,31.92,30.6,31.76,90897055,31.76
2013-04-25,31.71,32.84,31.54,31.94,110685794,31.94
2013-04-26,31.9,31.98,31.45,31.79,47799284,31.79
2013-04-29,31.8,32.68,31.77,32.61,59116288,32.61
2013-04-30,32.56,33.11,32.28,33.1,75116271,33.1
2013-05-01,32.93,33.08,32.6,32.72,54328805,32.72
2013-05-02,32.63,33.17,32.39,33.16,46055944,33.16
2013-05-03,33.23,33.52,33.08,33.49,46784484,33.49
2013-05-06,33.42,33.91,33.25,33.75,40978078,33.75
2013-05-07,33.65,33.79,33.24,33.31,42916453,33.31
2013-05-08,33.0667,33.24,32.65,32.99,51643216,32.99
2013-05-09,32.85,33.0,32.59,32.66,46399199,32.66
2013-05-10,32.67,32.72,32.32,32.69,36394841,32.69
2013-05-13,32.61,33.07,32.55,33.03,36027027,33.03
2013-05-14,32.8601,33.53,32.8,33.53,56867771,33.53
2013-05-15,33.45,33.9,33.43,33.845,46303779,33.845
2013-05-16,33.64,34.15,33.55,34.08,59381496,34.08
2013-05-17,34.1301,34.87,34.1,34.87,60666467,34.87
2013-05-20,34.73,35.095,34.68,35.08,54020102,35.08
2013-05-21,35.1,35.2725,34.72,34.85,48693429,34.85
2013-05-22,34.79,34.84,34.36,34.61,66043135,34.61
2013-05-23,34.23,34.55,33.9,34.15,51102326,34.15
2013-05-24,33.92,34.28,33.9,34.269,33174304,34.269
2013-05-28,34.42,35.18,34.41,35.02,48211220,35.02
2013-05-29,34.74,35.02,34.57,34.88,38411673,34.88
2013-05-30,34.85,35.25,34.813,35.03,51130805,35.03
2013-05-31,34.82,35.28,34.79,34.9,56162496,34.9
2013-06-03,34.92,35.63,34.83,35.59,51249396,35.59
2013-06-04,35.62,35.74,34.771,34.99,65529399,34.99
2013-06-05,34.6,34.89,34.43,34.78,46023857,34.78
2013-06-06,34.84,35.11,34.49,34.96,37617747,34.96
2013-06-07,35.25,35.78,35.06,35.67,40757245,35.67
2013-06-10,35.51,35.65,35.14,35.47,35991809,35.47
2013-06-11,35.05,35.18,34.68,34.84,39435445,34.84
2013-06-12,35.14,35.27,34.85,35.0,37371982,35.0
2013-06-13,34.99,35.02,34.59,34.715,45635878,34.715
2013-06-14,34.55,34.6901,34.25,34.4,53191609,34.4
2013-06-17,34.69,35.16,34.63,35.0,49670032,35.0
2013-06-18,34.97,35.17,34.895,34.98,28614869,34.98
2013-06-19,34.96,35.09,34.59,34.59,30816008,34.59
2013-06-20,34.26,34.33,33.37,33.49,54493643,33.49
2013-06-21,33.66,33.73,33.05,33.265,85337340,33.265
2013-06-24,32.94,34.2,32.57,33.715,56108988,33.715
2013-06-25,34.08,34.38,33.46,33.67,44051085,33.67
2013-06-26,34.12,34.48,33.8875,34.35,48665592,34.35
2013-06-27,34.52,34.78,34.5,34.62,28993042,34.62
2013-06-28,34.38,34.79,34.34,34.545,65545445,34.545
2013-07-01,34.75,34.99,34.33,34.36,31054868,34.36
2013-07-02,34.41,34.4389,33.63,33.94,37629522,33.94
2013-07-03,33.66,34.37,33.6,34.01,15994380,34.01
2013-07-05,34.09,34.24,33.581,34.21,26085831,34.21
2013-07-08,34.35,34.59,33.98,34.325,32396842,34.325
2013-07-09,34.58,34.6,34.14,34.35,25318501,34.35
2013-07-10,34.34,34.81,34.32,34.7,29863085,34.7
2013-07-11,35.0,35.77,34.9,35.685,53618047,35.685
2013-07-12,35.58,35.73,35.28,35.67,35501154,35.67
2013-07-15,35.66,36.22,35.58,36.17,34142125,36.17
2013-07-16,36.01,36.4299,35.96,36.27,36378481,36.27
2013-07-17,36.34,36.39,35.49,35.74,37281516,35.74
2013-07-18,35.72,35.89,35.22,35.44,49118611,35.44
2013-07-19,32.4,32.67,31.02,31.4,248354245,31.4
2013-07-22,31.7,32.01,31.6,32.01,79024753,32.01
2013-07-23,31.91,32.04,31.71,31.82,65810331,31.82
2013-07-24,32.035,32.19,31.89,31.96,52802180,31.96
2013-07-25,31.62,31.65,31.25,31.39,63212927,31.39
2013-07-26,31.26,31.62,31.205,31.62,38633539,31.62
2013-07-29,31.47,31.6,31.4,31.54,28873969,31.54
2013-07-30,31.78,32.12,31.55,31.85,45799476,31.85
2013-07-31,31.97,32.05,31.71,31.84,43898435,31.84
2013-08-01,32.06,32.09,31.6,31.67,42552467,31.67
2013-08-02,31.69,31.9,31.565,31.89,29121484,31.89
2013-08-05,31.9,32.0,31.64,31.7,30984542,31.7
2013-08-06,31.55,31.67,31.38,31.58,36331541,31.58
2013-08-07,31.54,32.1,31.25,32.063,38060978,32.063
2013-08-08,32.24,33.07,32.05,32.89,59035735,32.89
2013-08-09,32.77,32.9,32.47,32.7,26801087,32.7
2013-08-12,32.46,32.97,32.46,32.87,25494043,32.87
2013-08-13,32.51,32.55,32.21,32.23,39464299,32.23
2013-08-14,32.14,33.36,31.7,32.35,48520460,32.35
2013-08-15,32.0,32.18,30.84,31.79,33337991,31.79
2013-08-16,31.79,31.99,31.66,31.8,32864665,31.8
2013-08-19,31.76,31.97,31.38,31.393,27902716,31.393
2013-08-20,31.44,31.9,31.37,31.62,22979513,31.62
2013-08-21,31.61,32.01,31.54,31.61,37398935,31.61
2013-08-22,32.185,32.49,32.1,32.39,31123321,32.39
2013-08-23,35.17,35.2,34.0,34.75,225442537,34.75
2013-08-26,34.4,34.67,34.03,34.15,72553311,34.15
2013-08-27,33.515,34.1,33.15,33.26,58519145,33.26
2013-08-28,33.39,33.6,33.0,33.02,44258420,33.02
2013-08-29,32.93,33.6,32.8,33.55,45271567,33.55
2013-08-30,33.37,33.48,33.09,33.4,42774005,33.4
2013-09-03,31.75,32.07,31.29,31.88,154489546,31.88
2013-09-04,31.39,31.47,31.11,31.195,142273577,31.195
2013-09-05,31.1,31.44,30.95,31.235,71623991,31.235
2013-09-06,31.31,31.39,31.13,31.152,75436430,31.152
2013-09-09,31.2208,31.79,31.2,31.655,49610584,31.655
2013-09-10,31.9,32.4,31.79,32.39,56881864,32.39
2013-09-11,32.57,32.93,32.53,32.74,39069730,32.74
2013-09-12,32.72,32.78,32.59,32.69,32861951,32.69
2013-09-13,32.77,33.07,32.505,33.03,40899039,33.03
2013-09-16,33.38,33.5,32.73,32.801,55010116,32.801
2013-09-17,33.42,33.47,32.9,32.93,84683924,32.93
2013-09-18,32.99,33.4,32.83,33.32,64100189,33.32
2013-09-19,33.48,33.68,33.32,33.64,42015792,33.64
2013-09-20,33.41,33.48,32.685,32.791,102862119,32.791
2013-09-23,32.5401,32.969,32.5,32.74,39826261,32.74
2013-09-24,32.87,32.87,32.15,32.455,40245140,32.455
2013-09-25,32.49,32.8,32.4,32.505,28830930,32.505
2013-09-26,32.64,33.0,32.59,32.77,28483079,32.77
2013-09-27,32.88,33.75,32.87,33.27,55330514,33.27
2013-09-30,33.0,33.31,32.7,33.28,39838108,33.28
2013-10-01,33.35,33.61,33.3,33.58,36691926,33.58
2013-10-02,33.36,34.03,33.29,33.92,46931866,33.92
2013-10-03,33.88,34.0,33.42,33.86,38704461,33.86
2013-10-04,33.69,33.99,33.62,33.88,32988495,33.88
2013-10-07,33.6,33.71,33.2,33.3,35067124,33.3
2013-10-08,33.31,33.33,32.8,33.01,41095160,33.01
2013-10-09,33.07,33.3499,32.96,33.07,35843167,33.07
2013-10-10,33.31,33.89,33.26,33.76,42875141,33.76
2013-10-11,33.68,34.14,33.68,34.13,30033336,34.13
2013-10-14,33.9,34.5,33.78,34.45,27757870,34.45
2013-10-15,34.67,34.99,34.47,34.49,47107657,34.49
2013-10-16,34.6,34.895,34.56,34.64,35111593,34.64
2013-10-17,34.45,34.99,34.37,34.92,31359198,34.92
2013-10-18,34.82,34.99,34.33,34.96,41811699,34.96
2013-10-21,34.98,35.2,34.91,34.99,27436505,34.99
2013-10-22,35.02,35.1,34.52,34.58,40438546,34.58
2013-10-23,34.35,34.49,33.674,33.76,58600499,33.76
2013-10-24,33.82,34.1,33.57,33.72,53209728,33.72
2013-10-25,35.88,36.29,35.47,35.73,113493954,35.73
2013-10-28,35.61,35.73,35.27,35.57,38383594,35.57
2013-10-29,35.6301,35.72,35.26,35.52,31702613,35.52
2013-10-30,35.53,35.79,35.43,35.54,37002061,35.54
2013-10-31,35.66,35.69,35.34,35.405,41689563,35.405
2013-11-01,35.67,35.69,35.39,35.525,40271887,35.525
2013-11-04,35.59,35.98,35.55,35.94,28061873,35.94
2013-11-05,35.7899,36.71,35.77,36.64,51681868,36.64
2013-11-06,37.24,38.22,37.06,38.18,88948830,38.18
2013-11-07,37.96,38.01,37.43,37.5,60445258,37.5
2013-11-08,37.67,37.78,37.34,37.78,36743157,37.78
2013-11-11,37.69,37.775,37.355,37.59,26872537,37.59
2013-11-12,37.38,37.595,37.2,37.36,31651589,37.36
2013-11-13,36.98,38.16,36.9,38.155,44957611,38.155
2013-11-14,37.87,38.13,37.72,38.021,46186577,38.021
2013-11-15,37.95,38.02,37.72,37.841,50602034,37.841
2013-11-18,37.35,37.58,37.07,37.2,53277485,37.2
2013-11-19,36.85,37.23,36.67,36.74,44274987,36.74
2013-11-20,36.87,37.41,36.86,37.08,32231827,37.08
2013-11-21,37.27,37.53,37.26,37.4,23064699,37.4
2013-11-22,37.525,37.68,37.33,37.57,27981996,37.57
2013-11-25,37.93,37.95,37.57,37.64,30648148,37.64
2013-11-26,37.57,37.65,37.35,37.35,34468069,37.35
2013-11-27,37.57,37.76,37.49,37.6,26002050,37.6
2013-11-29,37.82,38.29,37.82,38.13,22090428,38.13
2013-12-02,38.09,38.78,38.06,38.45,42950373,38.45
2013-12-03,38.14,38.49,38.08,38.31,52109760,38.31
2013-12-04,38.21,38.98,38.12,38.94,51983578,38.94
2013-12-05,38.85,38.875,37.18,38.0,116313834,38.0
2013-12-06,38.42,38.55,37.99,38.36,36457292,38.36
2013-12-09,38.56,38.87,38.37,38.705,30286015,38.705
2013-12-10,38.61,38.9,38.02,38.11,37828593,38.11
2013-12-11,38.06,38.3,37.39,37.61,39853379,37.61
2013-12-12,37.64,37.64,37.18,37.22,36012761,37.22
2013-12-13,37.42,37.45,36.62,36.69,40074360,36.69
2013-12-16,36.73,37.0,36.54,36.885,31734515,36.885
2013-12-17,36.94,37.11,36.3344,36.52,45687679,36.52
2013-12-18,36.3601,36.6,35.53,36.58,63192067,36.58
2013-12-19,36.51,36.55,36.08,36.25,34157264,36.25
2013-12-20,36.2,36.93,36.185,36.8,62650324,36.8
2013-12-23,36.81,36.89,36.55,36.62,25128740,36.62
2013-12-24,36.72,37.17,36.64,37.08,14242997,37.08
2013-12-26,37.2,37.49,37.17,37.44,17614984,37.44
2013-12-27,37.58,37.62,37.17,37.29,14563533,37.29
2013-12-30,37.22,37.38,36.9006,37.29,16290475,37.29
2013-12-31,37.4,37.58,37.217,37.41,17505770,37.41
2014-01-02,37.35,37.4,37.1,37.16,30643745,37.16
2014-01-03,37.2,37.22,36.6,36.91,31134795,36.91
2014-01-06,36.85,36.89,36.11,36.13,43615035,36.13
2014-01-07,36.325,36.49,36.21,36.41,35924726,36.41
2014-01-08,36.0,36.14,35.58,35.76,59979542,35.76
2014-01-09,35.88,35.91,35.4,35.53,36520448,35.53
2014-01-10,35.9,36.15,35.75,36.04,40558766,36.04
2014-01-13,35.99,36.02,34.83,34.98,45923872,34.98
2014-01-14,34.73,35.88,34.63,35.78,41627325,35.78
2014-01-15,35.9,36.79,35.85,36.76,44909545,36.76
2014-01-16,36.69,37.0,36.31,36.89,38035708,36.89
2014-01-17,36.83,36.83,36.15,36.38,46298736,36.38
2014-01-21,36.82,36.82,36.06,36.17,31578979,36.17
2014-01-22,36.26,36.32,35.75,35.93,21965266,35.93
2014-01-23,36.09,36.13,35.52,36.055,44515126,36.055
2014-01-24,37.45,37.55,36.53,36.805,77051806,36.805
2014-01-27,36.87,36.89,35.98,36.03,44485767,36.03
2014-01-28,36.12,36.39,35.75,36.27,36225755,36.27
2014-01-29,35.98,36.88,35.9,36.66,52790351,36.66
2014-01-30,36.79,36.88,36.23,36.86,35111959,36.86
2014-01-31,36.95,37.89,36.56,37.84,93190755,37.84
2014-02-03,37.74,37.985,36.43,36.48,64102391,36.48
2014-02-04,36.97,37.189,36.25,36.35,55526924,36.35
2014-02-05,36.29,36.47,35.8,35.82,55841097,35.82
2014-02-06,35.8,36.25,35.69,36.18,35380994,36.18
2014-02-07,36.32,36.59,36.01,36.56,33348008,36.56
2014-02-10,36.63,36.8,36.29,36.8,26782083,36.8
2014-02-11,36.88,37.26,36.86,37.175,32164989,37.175
2014-02-12,37.35,37.6,37.3,37.47,27055869,37.47
2014-02-13,37.33,37.86,37.33,37.61,37647772,37.61
2014-02-14,37.39,37.78,37.33,37.62,42986738,37.62
2014-02-18,37.63,37.78,37.41,37.42,32839707,37.42
2014-02-19,37.22,37.75,37.21,37.51,29794084,37.51
2014-02-20,37.57,37.87,37.395,37.75,27541038,37.75
2014-02-21,37.94,38.35,37.86,37.98,38030656,37.98
2014-02-24,37.69,37.975,37.54,37.69,32143395,37.69
2014-02-25,37.61,37.85,37.35,37.54,30867657,37.54
2014-02-26,37.5801,37.74,37.19,37.47,41042629,37.47
2014-02-27,37.45,37.89,37.23,37.86,33919024,37.86
2014-02-28,37.98,38.46,37.82,38.31,41217028,38.31
2014-03-03,37.92,38.13,37.495,37.78,29716052,37.78
2014-03-04,38.2,38.48,38.07,38.41,26868337,38.41
2014-03-05,38.25,38.2699,37.93,38.11,20520432,38.11
2014-03-06,38.14,38.24,37.89,38.15,23605310,38.15
2014-03-07,38.28,38.36,37.69,37.9,26596635,37.9
2014-03-10,37.99,38.01,37.72,37.82,19007850,37.82
2014-03-11,37.87,38.23,37.72,38.02,25218133,38.02
2014-03-12,37.8,38.43,37.79,38.27,30496295,38.27
2014-03-13,38.42,38.45,37.6414,37.89,32169650,37.89
2014-03-14,37.651,38.135,37.5058,37.7,27195638,37.7
2014-03-17,37.9,38.41,37.79,38.05,20479610,38.05
2014-03-18,38.26,39.9,38.22,39.55,64063866,39.55
2014-03-19,39.47,39.55,38.91,39.27,35597241,39.27
2014-03-20,39.25,40.649,39.24,40.33,59269801,40.33
2014-03-21,40.72,40.94,40.01,40.16,80731942,40.16
2014-03-24,40.34,40.64,39.86,40.5,46098374,40.5
2014-03-25,40.66,40.99,39.9599,40.34,43193147,40.34
2014-03-26,40.48,40.705,39.6,39.79,41982966,39.79
2014-03-27,39.74,39.97,39.34,39.36,35369170,39.36
2014-03-28,39.79,40.635,39.68,40.3,43472747,40.3
2014-03-31,40.43,41.5,40.4,40.99,46886284,40.99
2014-04-01,41.15,41.59,41.07,41.42,32610395,41.42
2014-04-02,41.44,41.66,41.17,41.35,28607267,41.35
2014-04-03,41.29,41.29,40.71,41.01,30139567,41.01
2014-04-04,41.25,41.39,39.64,39.87,51409573,39.87
2014-04-07,39.96,40.27,39.74,39.8,37559615,39.8
2014-04-08,39.75,39.93,39.2,39.82,35919609,39.82
2014-04-09,39.93,40.55,39.88,40.47,27398687,40.47
2014-04-10,40.44,40.69,39.09,39.36,45960848,39.36
2014-04-11,39.0,39.79,39.0,39.209,34333298,39.209
2014-04-14,39.11,39.41,38.9,39.18,32006651,39.18
2014-04-15,39.34,39.96,39.05,39.75,33978673,39.75
2014-04-16,40.06,40.415,39.905,40.4,30616304,40.4
2014-04-17,40.01,40.195,39.51,40.01,36689399,40.01
2014-04-21,40.13,40.15,39.79,39.94,22222222,39.94
2014-04-22,39.96,40.14,39.83,39.99,27057271,39.99
2014-04-23,39.99,39.99,39.47,39.69,24602781,39.69
2014-04-24,39.74,39.97,39.3,39.86,42381594,39.86
2014-04-25,40.29,40.68,39.75,39.91,56883812,39.91
2014-04-28,40.14,41.29,40.09,40.87,50610208,40.87
2014-04-29,41.1,41.19,40.39,40.51,29637370,40.51
2014-04-30,40.4,40.5,40.1699,40.4,35464148,40.4
2014-05-01,40.2401,40.36,39.95,40.0,28791455,40.0
2014-05-02,40.31,40.34,39.66,39.69,43417914,39.69
2014-05-05,39.52,39.6399,39.3,39.43,22460928,39.43
2014-05-06,39.29,39.35,38.95,39.06,27112373,39.06
2014-05-07,39.22,39.51,38.51,39.425,41749497,39.425
2014-05-08,39.34,39.9,38.97,39.64,32123032,39.64
2014-05-09,39.54,39.85,39.37,39.54,29647646,39.54
2014-05-12,39.74,40.02,39.65,39.97,22787185,39.97
2014-05-13,39.92,40.5,39.85,40.42,27004768,40.42
2014-05-14,40.3,40.45,40.05,40.24,18818711,40.24
2014-05-15,40.09,40.4,39.51,39.6,37793243,39.6
2014-05-16,39.67,39.84,39.27,39.83,29868272,39.83
2014-05-19,39.61,39.82,39.46,39.75,24537438,39.75
2014-05-20,39.68,39.94,39.46,39.68,21322341,39.68
2014-05-21,39.8,40.35,39.7399,40.35,22399392,40.35
2014-05-22,40.29,40.35,39.85,40.1,20202485,40.1
2014-05-23,40.37,40.37,40.0,40.12,18020866,40.12
2014-05-27,40.26,40.26,39.81,40.19,26161164,40.19
2014-05-28,40.14,40.19,39.82,40.01,25711565,40.01
2014-05-29,40.15,40.35,39.91,40.34,19893872,40.34
2014-05-30,40.45,40.97,40.25,40.94,34575579,40.94
2014-06-02,40.95,41.09,40.68,40.79,18504300,40.79
2014-06-03,40.6,40.68,40.25,40.29,18071096,40.29
2014-06-04,40.21,40.37,39.86,40.32,23210341,40.32
2014-06-05,40.59,41.25,40.4,41.21,31865213,41.21
2014-06-06,41.48,41.66,41.24,41.48,24060542,41.48
2014-06-09,41.39,41.48,41.02,41.27,15019425,41.27
2014-06-10,41.03,41.16,40.86,41.11,15117689,41.11
2014-06-11,40.93,41.07,40.765,40.86,18039990,40.86
2014-06-12,40.81,40.88,40.29,40.58,29823030,40.58
2014-06-13,41.1,41.565,40.86,41.23,26310697,41.23
2014-06-16,41.04,41.61,41.04,41.5,24205297,41.5
2014-06-17,41.29,41.91,40.335,41.68,22518630,41.68
2014-06-18,41.605,41.74,41.18,41.65,27097228,41.65
2014-06-19,41.57,41.77,41.3301,41.51,19837767,41.51
2014-06-20,41.445,41.83,41.38,41.68,47765407,41.68
2014-06-23,41.73,42.0,41.69,41.99,18743905,41.99
2014-06-24,41.83,41.94,41.56,41.745,26518274,41.745
2014-06-25,41.7,42.05,41.46,42.03,20051576,42.03
2014-06-26,41.93,41.94,41.43,41.72,23604409,41.72
2014-06-27,41.61,42.29,41.51,42.25,74641945,42.25
2014-06-30,42.17,42.21,41.7,41.7,30805472,41.7
2014-07-01,41.86,42.15,41.69,41.87,26922597,41.87
2014-07-02,41.73,41.9,41.53,41.9,20208526,41.9
2014-07-03,41.91,41.99,41.56,41.8,15969310,41.8
2014-07-07,41.75,42.12,41.71,41.99,21953619,41.99
2014-07-08,41.87,42.0,41.61,41.78,31218208,41.78
2014-07-09,41.98,41.99,41.53,41.67,18445910,41.67
2014-07-10,41.37,42.0,41.05,41.685,21856832,41.685
2014-07-11,41.7,42.09,41.48,42.09,24087374,42.09
2014-07-14,42.22,42.45,42.04,42.14,21882943,42.14
2014-07-15,42.33,42.47,42.03,42.45,28758961,42.45
2014-07-16,42.51,44.31,42.48,44.08,63322372,44.08
2014-07-17,45.45,45.71,44.25,44.53,82180263,44.53
2014-07-18,44.65,44.84,44.25,44.69,43407490,44.69
2014-07-21,44.56,45.16,44.22,44.835,37604378,44.835
2014-07-22,45.0,45.15,44.59,44.83,43095820,44.83
2014-07-23,45.45,45.45,44.62,44.87,52363948,44.87
2014-07-24,44.93,45.0,44.32,44.4,30725348,44.4
2014-07-25,44.3,44.66,44.3,44.5,26737724,44.5
2014-07-28,44.36,44.51,43.93,43.97,29687677,43.97
2014-07-29,43.91,44.09,43.64,43.885,27764099,43.885
2014-07-30,44.07,44.1,43.29,43.5785,31925735,43.5785
2014-07-31,43.38,43.69,43.08,43.16,31540882,43.16
2014-08-01,43.21,43.25,42.6,42.86,31171094,42.86
2014-08-04,42.97,43.47,42.81,43.37,34277387,43.37
2014-08-05,43.31,43.46,42.83,43.08,26267500,43.08
2014-08-06,42.74,43.17,42.21,42.74,24633966,42.74
2014-08-07,42.84,43.45,42.65,43.23,30315183,43.23
2014-08-08,43.23,43.315,42.91,43.2,28943024,43.2
2014-08-11,43.26,43.45,43.02,43.2,20351600,43.2
2014-08-12,43.04,43.59,43.0,43.52,21433589,43.52
2014-08-13,43.68,44.18,43.52,44.08,22851136,44.08
2014-08-14,44.08,44.417,44.01,44.27,19313194,44.27
2014-08-15,44.58,44.895,44.4,44.79,41611308,44.79
2014-08-18,44.94,45.11,44.68,45.11,26895359,45.11
2014-08-19,44.97,45.34,44.83,45.33,28139494,45.33
2014-08-20,45.34,45.4,44.9,44.95,24770487,44.95
2014-08-21,44.84,45.25,44.83,45.22,22285502,45.22
2014-08-22,45.35,45.47,45.07,45.15,18294741,45.15
2014-08-25,45.4,45.44,45.04,45.17,16909999,45.17
2014-08-26,45.31,45.395,44.94,45.005,14877669,45.005
2014-08-27,44.9,45.0,44.76,44.87,21287931,44.87
2014-08-28,44.75,44.98,44.61,44.88,17657643,44.88
2014-08-29,45.09,45.44,44.855,45.43,21608625,45.43
2014-09-02,45.43,45.46,44.85,45.09,22976775,45.09
2014-09-03,44.53,45.11,44.53,44.96,33689341,44.96
2014-09-04,44.74,45.27,44.72,45.26,26478082,45.26
2014-09-05,45.11,45.93,45.11,45.91,36939360,45.91
2014-09-08,46.02,46.8,45.99,46.47,45736730,46.47
2014-09-09,46.47,46.97,46.42,46.76,40302386,46.76
2014-09-10,46.8201,46.94,46.28,46.84,27304409,46.84
2014-09-11,46.74,47.0,46.47,47.0,29216560,47.0
2014-09-12,46.91,47.02,46.6,46.695,38247122,46.695
2014-09-15,46.54,46.71,46.1,46.24,37667644,46.24
2014-09-16,46.39,46.85,46.29,46.76,27910571,46.76
2014-09-17,46.26,46.69,46.23,46.52,38311924,46.52
2014-09-18,46.59,46.83,46.46,46.68,35556632,46.68
2014-09-19,46.81,47.57,46.6,47.52,202526536,47.52
2014-09-22,47.3,47.38,46.98,47.06,38686091,47.06
2014-09-23,46.85,46.98,46.47,46.56,33431078,46.56
2014-09-24,46.63,47.11,46.34,47.08,26582713,47.08
2014-09-25,46.88,47.09,46.03,46.04,33077385,46.04
2014-09-26,45.93,46.62,45.76,46.41,27078764,46.41
2014-09-29,45.98,46.56,45.76,46.44,26090980,46.44
2014-09-30,46.37,46.4763,46.01,46.36,33033086,46.36
2014-10-01,46.27,46.53,45.845,45.9,38088355,45.9
2014-10-02,45.83,46.1,45.64,45.76,25119508,45.76
2014-10-03,45.98,46.3,45.61,46.09,32453273,46.09
2014-10-06,46.12,46.3,45.9199,46.09,20603960,46.09
2014-10-07,45.86,45.93,45.42,45.53,25724544,45.53
2014-10-08,45.48,46.89,45.34,46.78,33030972,46.78
2014-10-09,46.5,46.8,45.74,45.85,34426595,45.85
2014-10-10,45.6,46.12,43.95,44.03,51978146,44.03
2014-10-13,43.82,44.56,43.49,43.65,37100207,43.65
2014-10-14,43.87,44.38,43.56,43.73,38120558,43.73
2014-10-15,43.0,43.39,42.1,43.22,60220961,43.22
2014-10-16,42.53,43.08,42.22,42.74,49040989,42.74
2014-10-17,43.2,43.935,42.79,43.63,40683346,43.63
2014-10-20,43.06,44.14,42.81,44.08,34530887,44.08
2014-10-21,44.36,44.975,44.19,44.88,36433824,44.88
2014-10-22,45.0,45.07,44.225,44.38,33579817,44.38
2014-10-23,44.62,45.445,44.53,45.02,45451869,45.02
2014-10-24,46.83,46.9,45.18,46.13,61081039,46.13
2014-10-27,45.71,46.1,45.71,45.91,30371308,45.91
2014-10-28,45.86,46.5,45.77,46.49,29049750,46.49
2014-10-29,46.44,46.7,46.34,46.62,30283622,46.62
2014-10-30,46.32,46.32,45.77,46.05,30073873,46.05
2014-10-31,46.94,46.97,46.48,46.95,35849656,46.95
2014-11-03,46.89,47.46,46.73,47.44,23130397,47.44
2014-11-04,47.301,47.73,47.25,47.57,21530813,47.57
2014-11-05,47.8,47.9,47.26,47.86,22449594,47.86
2014-11-06,47.86,48.86,47.79,48.7,33037841,48.7
2014-11-07,48.92,48.92,48.2901,48.68,28000598,48.68
2014-11-10,48.65,49.15,48.55,48.89,36370067,48.89
2014-11-11,48.85,48.93,48.645,48.87,23445239,48.87
2014-11-12,48.56,48.92,48.52,48.78,22722123,48.78
2014-11-13,48.81,49.645,48.705,49.61,26210433,49.61
2014-11-14,49.74,50.045,49.39,49.58,29081657,49.58
2014-11-17,49.41,49.705,49.14,49.46,30318648,49.46
2014-11-18,49.13,49.325,48.7,48.74,23996457,48.74
2014-11-19,48.66,48.7549,47.93,48.22,26177450,48.22
2014-11-20,48.0,48.7,47.87,48.7,21510587,48.7
2014-11-21,49.02,49.05,47.57,47.98,42884795,47.98
2014-11-24,47.99,48.0,47.39,47.59,35434245,47.59
2014-11-25,47.66,47.97,47.45,47.47,28007993,47.47
2014-11-26,47.49,47.99,47.28,47.75,27164877,47.75
2014-11-28,47.95,48.195,47.61,47.81,21534426,47.81
2014-12-01,47.88,48.78,47.71,48.62,31191575,48.62
2014-12-02,48.84,49.05,48.2,48.46,25773478,48.46
2014-12-03,48.44,48.5,47.805,48.08,23534752,48.08
2014-12-04,48.39,49.06,48.2,48.84,30345132,48.84
2014-12-05,48.82,48.97,48.38,48.42,27313449,48.42
2014-12-08,48.26,48.35,47.445,47.695,26663107,47.695
2014-12-09,47.11,47.92,47.05,47.59,24330506,47.59
2014-12-10,47.58,47.66,46.7001,46.9,30431788,46.9
2014-12-11,47.08,47.74,46.68,47.17,29061918,47.17
2014-12-12,46.78,47.73,46.67,46.95,34248371,46.95
2014-12-15,47.2,47.67,46.55,46.67,29247761,46.67
2014-12-16,45.9,46.34,45.13,45.16,47801392,45.16
2014-12-17,45.05,45.945,44.9,45.74,34970865,45.74
2014-12-18,46.58,47.52,46.3386,47.52,40105550,47.52
2014-12-19,47.63,48.1,47.17,47.66,64551182,47.66
2014-12-22,47.78,48.12,47.71,47.98,26565984,47.98
2014-12-23,48.37,48.8,48.13,48.45,23656529,48.45
2014-12-24,48.64,48.64,48.08,48.14,11442790,48.14
2014-12-26,48.41,48.41,47.82,47.88,13197817,47.88
2014-12-29,47.7,47.78,47.26,47.45,14439518,47.45
2014-12-30,47.44,47.62,46.84,47.02,16384692,47.02
2014-12-31,46.73,47.44,46.45,46.45,21552450,46.45
2015-01-02,46.66,47.42,46.54,46.76,27913852,46.76
2015-01-05,46.37,46.73,46.25,46.325,39673865,46.325
2015-01-06,46.38,46.749,45.54,45.65,36447854,45.65
2015-01-07,45.98,46.46,45.49,46.23,29114061,46.23
2015-01-08,46.75,47.7499,46.72,47.59,29645202,47.59
2015-01-09,47.61,47.82,46.9,47.19,23944181,47.19
2015-01-12,47.42,47.54,46.36,46.6,23651887,46.6
2015-01-13,46.97,47.91,46.06,46.355,35270601,46.355
2015-01-14,45.96,46.24,45.62,45.955,29719580,45.955
2015-01-15,46.22,46.38,45.41,45.48,32750779,45.48
2015-01-16,45.31,46.28,45.17,46.24,35695289,46.24
2015-01-20,46.3,46.65,45.57,46.39,36161860,46.39
2015-01-21,45.94,46.14,45.48,45.92,39081143,45.92
2015-01-22,46.38,47.135,46.08,47.13,35898035,47.13
2015-01-23,47.36,47.39,46.8,47.18,26211594,47.18
2015-01-26,47.0,47.1339,46.2399,47.01,42525530,47.01
2015-01-27,42.95,43.2,42.105,42.66,169163953,42.66
2015-01-28,42.74,42.79,41.16,41.19,84507078,41.19
2015-01-29,40.93,42.12,40.79,42.01,63585273,42.01
2015-01-30,41.55,41.58,40.35,40.4,78004944,40.4
2015-02-02,40.59,41.37,40.23,41.28,50352532,41.28
2015-02-03,41.63,41.93,41.045,41.6,52082448,41.6
2015-02-04,41.94,42.21,41.36,41.84,41614812,41.84
2015-02-05,42.22,42.64,41.855,42.45,36548168,42.45
2015-02-06,42.68,42.79,42.15,42.41,34616554,42.41
2015-02-09,42.24,42.74,42.21,42.36,31381061,42.36
2015-02-10,42.74,42.77,42.18,42.6,29670676,42.6
2015-02-11,42.65,42.65,42.21,42.38,38262509,42.38
2015-02-12,42.66,43.09,42.51,43.09,33268831,43.09
2015-02-13,43.38,43.87,43.15,43.87,40264887,43.87
2015-02-17,43.97,44.0,43.19,43.58,33695749,43.58
2015-02-18,43.63,43.7,43.39,43.53,27111657,43.53
2015-02-19,43.18,43.5263,43.05,43.5,27603420,43.5
2015-02-20,43.51,43.88,43.29,43.855,29721133,43.855
2015-02-23,43.7,44.19,43.65,44.15,32518754,44.15
2015-02-24,44.15,44.3,43.92,44.09,25271747,44.09
2015-02-25,43.95,44.09,43.8,43.99,29759820,43.99
2015-02-26,43.99,44.23,43.89,44.055,28957329,44.055
2015-02-27,44.13,44.2,43.66,43.85,33807740,43.85
2015-03-02,43.67,44.19,43.55,43.88,31924049,43.88
2015-03-03,43.56,43.825,43.09,43.28,31748648,43.28
2015-03-04,43.01,43.21,42.88,43.055,25748692,43.055
2015-03-05,43.07,43.24,42.82,43.11,23193541,43.11
2015-03-06,43.0,43.11,42.15,42.36,36248785,42.36
2015-03-09,42.19,43.125,42.19,42.85,32107957,42.85
2015-03-10,42.35,42.71,42.03,42.03,39159730,42.03
2015-03-11,42.31,42.37,41.84,41.98,32215314,41.98
2015-03-12,41.33,41.65,40.86,41.02,59992502,41.02
2015-03-13,40.7,41.47,40.61,41.38,58007705,41.38
2015-03-16,41.47,41.64,41.28,41.56,35273452,41.56
2015-03-17,41.37,41.83,41.15,41.695,31673448,41.695
2015-03-18,41.43,42.83,41.33,42.5,44194771,42.5
2015-03-19,42.26,42.59,42.22,42.285,33879066,42.285
2015-03-20,42.56,42.98,42.49,42.88,71904529,42.88
2015-03-23,42.88,43.13,42.78,42.855,26246086,42.855
2015-03-24,42.78,43.17,42.75,42.9,25513252,42.9
2015-03-25,42.92,42.925,41.44,41.46,43469907,41.46
2015-03-26,41.22,41.61,40.92,41.21,37495627,41.21
2015-03-27,41.12,41.43,40.83,40.97,34401398,40.97
2015-03-30,41.1,41.54,40.91,40.96,35049662,40.96
2015-03-31,40.78,41.03,40.54,40.655,34887219,40.655
2015-04-01,40.6,40.76,40.31,40.72,36865322,40.72
2015-04-02,40.66,40.74,40.12,40.29,37487476,40.29
2015-04-06,40.34,41.78,40.18,41.545,39223692,41.545
2015-04-07,41.61,41.91,41.31,41.53,28809375,41.53
2015-04-08,41.46,41.69,41.04,41.42,24753438,41.42
2015-04-09,41.25,41.62,41.25,41.48,25723861,41.48
2015-04-10,41.63,41.95,41.41,41.72,28022002,41.72
2015-04-13,41.4,42.06,41.39,41.76,30276692,41.76
2015-04-14,41.8,42.03,41.39,41.65,24244382,41.65
2015-04-15,41.76,42.46,41.68,42.255,27343581,42.255
2015-04-16,41.95,42.34,41.82,42.16,22509652,42.16
2015-04-17,41.67,41.74,41.16,41.615,42387608,41.615
2015-04-20,41.73,43.17,41.68,42.905,46057733,42.905
2015-04-21,43.0,43.15,42.53,42.635,26013844,42.635
2015-04-22,42.67,43.13,42.55,42.985,25064273,42.985
2015-04-23,42.89,43.61,42.8,43.34,46309530,43.34
2015-04-24,45.66,48.14,45.65,47.87,130933665,47.87
2015-04-27,47.23,48.13,47.22,48.03,59248172,48.03
2015-04-28,47.78,49.21,47.7,49.155,60730778,49.155
2015-04-29,48.72,49.31,48.5,49.06,47804562,49.06
2015-04-30,48.7,49.54,48.6,48.64,64725457,48.64
2015-05-01,48.58,48.875,48.4,48.655,38937336,48.655
2015-05-04,48.37,48.87,48.18,48.24,34039485,48.24
2015-05-05,47.82,48.16,47.31,47.6,50369191,47.6
2015-05-06,47.57,47.77,46.02,46.28,52433020,46.28
2015-05-07,46.27,47.085,46.16,46.7,32971654,46.7
2015-05-08,47.55,47.98,47.52,47.75,35364911,47.75
2015-05-11,47.55,47.91,47.37,47.37,24609416,47.37
2015-05-12,46.85,47.68,46.42,47.35,29928264,47.35
2015-05-13,48.19,48.32,47.57,47.625,34184613,47.625
2015-05-14,48.0301,48.82,48.03,48.72,32980892,48.72
2015-05-15,48.87,48.905,48.05,48.295,28642694,48.295
2015-05-18,47.98,48.22,47.61,48.01,24136502,48.01
2015-05-19,47.56,47.81,47.18,47.58,28574813,47.58
2015-05-20,47.39,47.93,47.27,47.58,25047919,47.58
2015-05-21,47.28,47.6,47.005,47.42,22410698,47.42
2015-05-22,47.3,47.35,46.82,46.9,25720583,46.9
2015-05-26,46.83,46.88,46.19,46.59,29581860,46.59
2015-05-27,46.82,47.77,46.62,47.61,27335639,47.61
2015-05-28,47.5,48.02,47.39,47.45,19283666,47.45
2015-05-29,47.43,47.57,46.59,46.86,36519594,46.86
2015-06-01,47.06,47.77,46.62,47.23,28837332,47.23
2015-06-02,46.93,47.35,46.62,46.92,21498326,46.92
2015-06-03,47.37,47.735,46.82,46.85,28002154,46.85
2015-06-04,46.79,47.16,46.2,46.36,27745512,46.36
2015-06-05,46.31,46.52,45.84,46.14,25438086,46.14
2015-06-08,46.3,46.43,45.67,45.73,22121634,45.73
2015-06-09,45.76,45.94,45.46,45.65,24406057,45.65
2015-06-10,45.79,46.83,45.69,46.61,28417405,46.61
2015-06-11,46.66,46.92,46.13,46.44,27347758,46.44
2015-06-12,46.22,46.47,45.9,45.97,23930972,45.97
2015-06-15,45.45,45.65,45.0201,45.475,33254517,45.475
2015-06-16,45.35,46.24,45.3,45.83,27070306,45.83
2015-06-17,45.73,46.07,45.36,45.97,28704061,45.97
2015-06-18,46.22,46.8,46.17,46.72,32658343,46.72
2015-06-19,46.79,46.825,45.99,46.1,63837036,46.1
2015-06-22,46.33,46.72,46.16,46.23,20318055,46.23
2015-06-23,46.13,46.28,45.62,45.91,25896473,45.91
2015-06-24,45.67,46.245,45.55,45.635,34890901,45.635
2015-06-25,46.03,46.06,45.5,45.65,20615995,45.65
2015-06-26,45.65,46.28,45.03,45.26,49835287,45.26
2015-06-29,45.04,45.23,44.36,44.37,34081746,44.37
2015-06-30,44.71,44.72,43.94,44.15,35945384,44.15
2015-07-01,44.46,45.23,44.1,44.445,28343907,44.445
2015-07-02,44.48,44.75,44.06,44.4,21752013,44.4
2015-07-06,43.96,44.48,43.95,44.39,23033961,44.39
2015-07-07,44.34,44.49,43.32,44.3,36435827,44.3
2015-07-08,44.44,44.9,44.03,44.24,39785901,44.24
2015-07-09,44.75,45.22,44.5,44.52,32424672,44.52
2015-07-10,45.01,45.14,44.57,44.61,25465757,44.61
2015-07-13,44.975,45.62,44.9501,45.54,28178329,45.54
2015-07-14,45.45,45.96,45.31,45.62,22880260,45.62
2015-07-15,45.68,45.89,45.43,45.76,26629615,45.76
2015-07-16,46.01,46.69,45.965,46.66,26271673,46.66
2015-07-17,46.55,46.78,46.26,46.62,29467107,46.62
2015-07-20,46.65,47.13,46.44,46.92,30631905,46.92
2015-07-21,46.78,47.33,46.48,47.28,42781899,47.28
2015-07-22,45.44,46.93,45.203,45.54,59152427,45.54
2015-07-23,45.27,46.23,45.1,46.11,33934010,46.11
2015-07-24,45.91,46.32,45.8,45.94,32333244,45.94
2015-07-27,45.94,46.01,45.25,45.35,39701420,45.35
2015-07-28,45.58,45.639,44.79,45.34,34328948,45.34
2015-07-29,45.4,46.78,45.26,46.29,40945864,46.29
2015-07-30,46.26,47.4,45.93,46.88,39777883,46.88
2015-07-31,47.29,47.37,46.5,46.7,31201480,46.7
2015-08-03,46.98,47.0,46.45,46.81,24125886,46.81
2015-08-04,46.75,47.71,46.68,47.54,33403916,47.54
2015-08-05,47.98,48.41,47.54,47.58,26959655,47.58
2015-08-06,47.71,47.77,46.33,46.62,27368000,46.62
2015-08-07,46.39,46.78,46.26,46.74,19163038,46.74
2015-08-10,46.95,47.49,46.84,47.33,23079870,47.33
2015-08-11,46.82,46.94,45.9,46.41,29237402,46.41
2015-08-12,46.19,46.9,45.705,46.74,30198532,46.74
2015-08-13,47.06,47.1,46.49,46.73,22627241,46.73
2015-08-14,46.53,47.1,46.52,47.0,21473402,47.0
2015-08-17,46.81,47.45,46.57,47.32,21099746,47.32
2015-08-18,46.84,47.43,46.7,47.27,23574104,47.27
2015-08-19,46.78,47.08,46.3,46.61,31485511,46.61
2015-08-20,46.07,46.47,45.66,45.66,36238227,45.66
2015-08-21,45.3,45.48,43.07,43.07,70053084,43.07
2015-08-24,40.45,43.31,39.72,41.68,88753660,41.68
2015-08-25,42.565,43.24,40.39,40.47,70616597,40.47
2015-08-26,42.01,42.84,41.06,42.71,63407996,42.71
2015-08-27,43.14,43.95,42.925,43.9,50943211,43.9
2015-08-28,43.47,44.15,43.39,43.93,28246725,43.93
2015-08-31,43.74,43.93,43.1,43.52,34441662,43.52
2015-09-01,42.23,42.59,41.66,41.82,49688896,41.82
2015-09-02,42.24,43.38,41.88,43.36,37671518,43.36
2015-09-03,43.41,43.98,43.28,43.5,28285205,43.5
2015-09-04,42.81,43.04,42.195,42.61,37138775,42.61
2015-09-08,43.3,44.0,43.2,43.89,32469766,43.89
2015-09-09,44.21,44.4,42.91,43.07,33469485,43.07
2015-09-10,43.12,43.79,42.745,43.29,31366630,43.29
2015-09-11,43.14,43.59,42.9399,43.48,27132527,43.48
2015-09-14,43.43,43.44,42.86,43.04,23656048,43.04
2015-09-15,43.19,44.29,43.08,43.98,28882206,43.98
2015-09-16,43.97,44.38,43.84,44.3,23372162,44.3
2015-09-17,44.29,45.0,44.08,44.25,32768161,44.25
2015-09-18,43.5,43.99,43.33,43.48,63143684,43.48
2015-09-21,43.62,44.47,43.6,44.11,26177224,44.11
2015-09-22,43.38,44.05,43.31,43.9,28085903,43.9
2015-09-23,43.93,44.17,43.51,43.87,17145238,43.87
2015-09-24,43.45,44.13,43.27,43.91,27905607,43.91
2015-09-25,44.48,44.73,43.76,43.94,29384601,43.94
2015-09-28,43.83,44.085,43.205,43.29,27613785,43.29
2015-09-29,43.37,43.57,43.05,43.44,32763557,43.44
2015-09-30,43.88,44.3,43.66,44.26,34958880,44.26
2015-10-01,44.75,44.75,43.75,44.61,28657859,44.61
2015-10-02,44.27,45.57,43.92,45.57,41839035,45.57
2015-10-05,45.745,46.89,45.7,46.63,34369286,46.63
2015-10-06,46.33,47.175,46.22,46.75,27510808,46.75
2015-10-07,47.1,47.35,45.95,46.8,27711492,46.8
2015-10-08,46.56,47.515,46.5,47.45,33772709,47.45
2015-10-09,47.45,47.54,46.92,47.11,28600632,47.11
2015-10-12,46.98,47.07,46.5,47.0,19769066,47.0
2015-10-13,46.56,47.1299,46.56,46.89,19987816,46.89
2015-10-14,46.65,47.1,46.53,46.68,24697766,46.68
2015-10-15,47.01,47.03,46.53,47.01,27189370,47.01
2015-10-16,47.02,47.54,46.897,47.51,26450334,47.51
2015-10-19,47.42,47.88,47.02,47.62,29387581,47.62
2015-10-20,47.44,47.81,47.02,47.77,30802235,47.77
2015-10-21,47.92,47.99,47.11,47.2,25264710,47.2
2015-10-22,47.53,48.95,47.09,48.03,56637074,48.03
2015-10-23,52.3,54.07,52.25,52.87,135227059,52.87
2015-10-26,52.53,54.32,52.5,54.25,64633324,54.25
2015-10-27,53.99,54.37,53.58,53.69,50999907,53.69
2015-10-28,53.54,53.98,52.86,53.98,47000753,53.98
2015-10-29,53.54,53.83,53.22,53.36,30202078,53.36
2015-10-30,53.32,53.99,52.62,52.64,46619761,52.64
2015-11-02,52.85,53.36,52.62,53.24,30284982,53.24
2015-11-03,52.93,54.39,52.9,54.15,36596931,54.15
2015-11-04,54.18,54.88,54.06,54.4,37087849,54.4
2015-11-05,54.49,54.7,54.0,54.38,31468485,54.38
2015-11-06,54.085,54.98,53.964,54.92,32851204,54.92
2015-11-09,54.55,54.87,53.56,54.16,32513067,54.16
2015-11-10,54.07,54.13,53.27,53.51,55283697,53.51
2015-11-11,53.7,54.2,53.46,53.65,36516260,53.65
2015-11-12,53.48,53.9791,53.19,53.32,35361095,53.32
2015-11-13,53.07,53.29,52.53,52.84,36848175,52.84
2015-11-16,53.08,53.89,52.85,53.765,32165198,53.765
2015-11-17,53.17,53.53,52.85,52.97,31551255,52.97
2015-11-18,53.0,53.98,52.9799,53.85,29710030,53.85
2015-11-19,53.99,54.66,53.781,53.94,28149228,53.94
2015-11-20,54.25,54.3,53.265,54.19,37147608,54.19
2015-11-23,54.25,54.46,53.75,54.19,28235918,54.19
2015-11-24,53.92,54.44,53.58,54.25,24600043,54.25
2015-11-25,54.09,54.23,53.69,53.69,21005147,53.69
2015-11-27,53.8,54.08,53.79,53.93,9009132,53.93
2015-11-30,54.54,54.96,53.9999,54.35,56241417,54.35
2015-12-01,54.41,55.23,54.3,55.22,39952779,55.22
2015-12-02,55.32,55.96,55.06,55.21,47274879,55.21
2015-12-03,55.49,55.77,53.93,54.2,38627835,54.2
2015-12-04,54.12,56.23,54.1,55.91,43963662,55.91
2015-12-07,55.79,55.97,55.29,55.81,30709765,55.81
2015-12-08,55.47,56.1,54.99,55.79,32878026,55.79
2015-12-09,55.37,55.87,54.51,54.98,36373209,54.98
2015-12-10,55.39,55.655,55.01,55.27,31775826,55.27
2015-12-11,54.71,55.1,54.01,54.06,39549497,54.06
2015-12-14,54.33,55.21,53.68,55.14,47006491,55.14
2015-12-15,55.66,55.9,55.09,55.2,39842998,55.2
2015-12-16,55.54,56.245,54.76,56.13,37503300,56.13
2015-12-17,56.36,56.79,55.5348,55.7,41280907,55.7
2015-12-18,55.77,56.0,54.03,54.13,84684164,54.13
2015-12-21,54.88,55.35,54.2262,54.83,37246325,54.83
2015-12-22,54.99,55.48,54.5,55.35,28322241,55.35
2015-12-23,55.7,55.88,55.44,55.82,27279832,55.82
2015-12-24,55.86,55.96,55.43,55.67,9570002,55.67
2015-12-28,55.35,55.95,54.98,55.95,22458293,55.95
2015-12-29,56.29,56.85,56.06,56.55,27731403,56.55
2015-12-30,56.47,56.78,56.2875,56.31,21704505,56.31
2015-12-31,56.04,56.19,55.42,55.48,27334061,55.48
2016-01-04,54.32,54.8,53.39,54.8,53777963,54.8
2016-01-05,54.93,55.39,54.54,55.05,34079674,55.05
2016-01-06,54.32,54.4001,53.64,54.05,39518863,54.05
2016-01-07,52.7,53.485,52.07,52.17,56564852,52.17
2016-01-08,52.37,53.28,52.15,52.33,48753969,52.33
2016-01-11,52.51,52.85,51.46,52.3,36943756,52.3
2016-01-12,52.76,53.1,52.06,52.78,36095539,52.78
2016-01-13,53.8,54.07,51.3038,51.64,66883571,51.64
2016-01-14,52.0,53.4163,51.57,53.11,52381918,53.11
2016-01-15,51.31,51.97,50.34,50.99,71820697,50.99
2016-01-19,51.48,51.68,50.06,50.56,43564538,50.56
2016-01-20,49.98,51.38,49.1,50.79,63272993,50.79
2016-01-21,51.0,51.58,50.3,50.48,40191157,50.48
2016-01-22,51.41,52.33,51.26,52.29,37555789,52.29
2016-01-25,51.94,52.65,51.65,51.79,34707717,51.79
2016-01-26,51.79,52.44,51.55,52.17,28900820,52.17
2016-01-27,52.01,52.2,51.0201,51.22,36775194,51.22
2016-01-28,51.86,52.21,51.25,52.055,62513789,52.055
2016-01-29,54.73,55.09,54.0,55.09,83611686,55.09
2016-02-01,54.88,55.09,54.495,54.71,44208542,54.71
2016-02-02,54.17,54.26,52.65,53.0,56313753,53.0
2016-02-03,53.25,53.39,51.26,52.16,57559814,52.16
2016-02-04,52.1,52.81,51.37,52.0,46987123,52.0
2016-02-05,51.94,52.0,49.56,50.16,62008994,50.16
2016-02-08,49.55,49.57,48.19,49.41,59290497,49.41
2016-02-09,49.02,50.24,48.67,49.28,46740474,49.28
2016-02-10,49.89,50.39,49.52,49.71,38236954,49.71
2016-02-11,48.68,50.11,48.51,49.69,48878571,49.69
2016-02-12,50.25,50.68,49.75,50.5,34243324,50.5
2016-02-16,50.9,51.09,50.13,51.09,37291208,51.09
2016-02-17,51.49,52.77,51.45,52.42,40788968,52.42
2016-02-18,52.33,52.95,52.1,52.19,27176035,52.19
2016-02-19,51.97,52.28,51.53,51.82,33559073,51.82
2016-02-22,52.28,53.0,52.28,52.65,25008291,52.65
2016-02-23,52.34,52.37,50.98,51.18,28895274,51.18
2016-02-24,50.69,51.5,50.2,51.36,33014457,51.36
2016-02-25,51.73,52.1,50.61,52.1,26939467,52.1
2016-02-26,52.6,52.68,51.1,51.3,35975925,51.3
2016-02-29,51.35,51.65,50.66,50.88,31654036,50.88
2016-03-01,50.97,52.59,50.9199,52.58,33024535,52.58
2016-03-02,52.41,52.96,52.155,52.95,29289884,52.95
2016-03-03,52.97,52.97,51.78,52.35,24427813,52.35
2016-03-04,52.4,52.45,51.71,52.03,33034150,52.03
2016-03-07,51.56,51.8,50.58,51.03,38428816,51.03
2016-03-08,50.8,52.13,50.595,51.65,33835119,51.65
2016-03-09,51.89,52.85,51.855,52.84,28251588,52.84
2016-03-10,52.93,52.94,51.16,52.05,38387804,52.05
2016-03-11,53.0,53.07,52.38,53.07,32275677,53.07
2016-03-14,52.71,53.59,52.63,53.17,24083616,53.17
2016-03-15,52.75,53.59,52.74,53.59,21104763,53.59
2016-03-16,53.45,54.6,53.4,54.35,31691742,54.35
2016-03-17,54.21,55.0,54.0,54.66,28223947,54.66
2016-03-18,54.92,54.97,53.445,53.49,67625518,53.49
2016-03-21,53.25,53.9298,52.93,53.86,23925716,53.86
2016-03-22,53.61,54.25,53.46,54.07,23124143,54.07
2016-03-23,54.11,54.24,53.74,53.97,20129015,53.97
2016-03-24,53.84,54.33,53.73,54.21,19949972,54.21
2016-03-28,54.21,54.29,53.33,53.54,17025050,53.54
2016-03-29,53.66,54.86,53.45,54.71,23924329,54.71
2016-03-30,54.93,55.64,54.9,55.05,23008260,55.05
2016-03-31,54.95,55.59,54.86,55.23,26360495,55.23
2016-04-01,55.05,55.61,54.57,55.57,24399193,55.57
2016-04-04,55.43,55.66,55.0,55.43,18928810,55.43
2016-04-05,55.19,55.3,54.46,54.56,19272255,54.56
2016-04-06,54.36,55.2,54.21,55.12,21188682,55.12
2016-04-07,54.87,54.91,54.23,54.46,19225092,54.46
2016-04-08,54.67,55.28,54.32,54.42,22167223,54.42
2016-04-11,54.49,55.15,54.3,54.31,21414227,54.31
2016-04-12,54.37,54.78,53.76,54.65,24944288,54.65
2016-04-13,55.12,55.4375,54.89,55.35,20817961,55.35
2016-04-14,55.22,55.575,55.07,55.36,20877108,55.36
2016-04-15,55.3,55.92,55.11,55.65,28793753,55.65
2016-04-18,55.49,56.59,55.21,56.46,23785950,56.46
2016-04-19,56.63,56.77,55.68,56.39,29596827,56.39
2016-04-20,56.29,56.5,55.485,55.59,36195714,55.59
2016-04-21,55.8,56.23,55.415,55.78,38909096,55.78
2016-04-22,51.91,52.4297,50.77,51.78,126834091,51.78
2016-04-25,51.78,52.13,51.63,52.11,33226948,52.11
2016-04-26,52.26,52.35,51.09,51.44,33532636,51.44
2016-04-27,51.48,51.5,50.55,50.94,43369256,50.94
2016-04-28,50.62,50.77,49.56,49.9,43134846,49.9
2016-04-29,49.35,50.25,49.35,49.87,48411684,49.87
2016-05-02,50.0,50.75,49.7799,50.61,33114539,50.61
2016-05-03,50.34,50.41,49.6,49.78,26460244,49.78
2016-05-04,49.84,50.06,49.46,49.87,24257556,49.87
2016-05-05,49.87,50.3,49.73,49.94,25390718,49.94
2016-05-06,49.92,50.39,49.66,50.39,24787301,50.39
2016-05-09,50.49,50.585,50.0,50.07,17951598,50.07
2016-05-10,50.33,51.1,50.19,51.02,22890966,51.02
2016-05-11,51.13,51.78,51.0,51.05,24039140,51.05
2016-05-12,51.2,51.81,50.92,51.51,24102781,51.51
2016-05-13,51.44,51.895,51.04,51.08,22592342,51.08
2016-05-16,50.8,51.96,50.75,51.83,20032017,51.83
2016-05-17,51.72,51.73,50.36,50.51,27803514,50.51
2016-05-18,50.48,51.14,50.3,50.81,24907532,50.81
2016-05-19,50.47,50.62,49.82,50.32,23842358,50.32
2016-05-20,50.48,51.22,50.4,50.62,23905769,50.62
2016-05-23,50.6,50.68,49.98,50.03,26118720,50.03
2016-05-24,50.7,51.71,50.4,51.59,34757944,51.59
2016-05-25,51.92,52.49,51.79,52.12,24204566,52.12
2016-05-26,51.93,51.9793,51.36,51.89,24335223,51.89
2016-05-27,51.92,52.32,51.77,52.32,17721438,52.32
2016-05-31,52.26,53.0,52.08,53.0,37653081,53.0
2016-06-01,52.44,52.95,52.44,52.85,25324828,52.85
2016-06-02,52.64,52.74,51.835,52.48,22840779,52.48
2016-06-03,52.38,52.42,51.6,51.79,23368291,51.79
2016-06-06,51.99,52.35,51.89,52.13,18243271,52.13
2016-06-07,52.24,52.73,52.1,52.1,20866770,52.1
2016-06-08,52.02,52.44,51.87,52.04,21149438,52.04
2016-06-09,52.0,52.0,51.49,51.62,20305664,51.62
2016-06-10,51.05,52.05,51.04,51.48,25833151,51.48
2016-06-13,49.58,50.715,49.06,50.14,83217844,50.14
2016-06-14,49.9,50.1,49.57,49.83,42577106,49.83
2016-06-15,49.78,50.12,49.69,49.69,33757639,49.69
2016-06-16,49.52,50.47,49.5068,50.39,31188605,50.39
2016-06-17,50.41,50.43,49.82,50.13,45710516,50.13
2016-06-20,50.64,50.83,50.03,50.07,35607946,50.07
2016-06-21,50.2,51.43,50.16,51.19,34097825,51.19
2016-06-22,51.08,51.46,50.9525,50.99,28816848,50.99
2016-06-23,51.28,52.06,51.15,51.91,29028833,51.91
2016-06-24,49.81,50.94,49.52,49.83,133502985,49.83
2016-06-27,49.1,49.1466,48.035,48.43,50576699,48.43
2016-06-28,48.92,49.47,48.67,49.44,38140658,49.44
2016-06-29,49.91,50.72,49.8,50.54,31304021,50.54
2016-06-30,50.72,51.3,50.5,51.17,28527781,51.17
2016-07-01,51.13,51.72,51.07,51.16,21400392,51.16
2016-07-05,50.83,51.28,50.74,51.17,24806351,51.17
2016-07-06,50.78,51.54,50.39,51.38,28167461,51.38
2016-07-07,51.42,51.61,51.07,51.38,19585194,51.38
2016-07-08,51.73,52.36,51.55,52.3,28391026,52.3
2016-07-11,52.5,52.83,52.47,52.59,22269203,52.59
2016-07-12,52.94,53.4,52.785,53.21,27317555,53.21
2016-07-13,53.56,53.86,53.18,53.51,25356841,53.51
2016-07-14,53.84,53.99,53.58,53.74,24545520,53.74
2016-07-15,53.95,54.0,53.21,53.7,32024385,53.7
2016-07-18,53.7,54.34,53.55,53.96,31433864,53.96
2016-07-19,53.71,53.9,52.93,53.09,53336533,53.09
2016-07-20,56.15,56.84,55.53,55.91,89893301,55.91
2016-07-21,55.98,56.23,55.76,55.8,32776653,55.8
2016-07-22,56.08,56.6275,55.78,56.57,32157167,56.57
2016-07-25,56.47,56.74,56.255,56.73,25610587,56.73
2016-07-26,56.52,57.29,56.51,56.76,28078995,56.76
2016-07-27,56.61,56.8,56.11,56.19,32327477,56.19
2016-07-28,56.0,56.37,55.72,56.21,37550411,56.21
2016-07-29,56.26,56.76,56.05,56.68,30558718,56.68
2016-08-01,56.6,56.75,56.14,56.58,26003419,56.58
2016-08-02,56.85,56.9,56.31,56.58,35121958,56.58
2016-08-03,56.68,57.11,56.49,56.97,22075616,56.97
2016-08-04,56.8,57.5193,56.67,57.39,26587749,57.39
2016-08-05,57.65,58.21,57.45,57.96,29335221,57.96
2016-08-08,58.055,58.085,57.78,58.06,19473499,58.06
2016-08-09,58.17,58.5,58.02,58.2,16920721,58.2
2016-08-10,58.16,58.32,57.82,58.02,15756913,58.02
2016-08-11,58.03,58.45,58.03,58.3,18162301,58.3
2016-08-12,58.03,58.19,57.62,57.94,21655161,57.94
2016-08-15,58.01,58.5,57.96,58.12,19283902,58.12
2016-08-16,57.61,57.62,57.27,57.44,20523493,57.44
2016-08-17,57.54,57.68,57.23,57.56,18856423,57.56
2016-08-18,57.42,57.7,57.27,57.6,14214341,57.6
2016-08-19,57.43,57.73,57.2,57.62,17271044,57.62
2016-08-22,57.6,57.75,57.26,57.67,15221922,57.67
2016-08-23,57.9,58.18,57.85,57.89,18732373,57.89
2016-08-24,57.8,58.04,57.715,57.95,18151506,57.95
2016-08-25,57.88,58.29,57.78,58.17,18552579,58.17
2016-08-26,58.28,58.7,57.69,58.03,20971202,58.03
2016-08-29,58.18,58.6,58.1,58.1,16417207,58.1
2016-08-30,57.98,58.19,57.61,57.89,16930185,57.89
2016-08-31,57.65,57.8,57.3,57.46,20860269,57.46
2016-09-01,57.01,57.82,57.01,57.59,26075363,57.59
2016-09-02,57.67,58.19,57.42,57.67,18900489,57.67
2016-09-06,57.78,57.8,57.21,57.61,16278416,57.61
2016-09-07,57.47,57.84,57.405,57.66,17493359,57.66
2016-09-08,57.63,57.79,57.18,57.43,20146083,57.43
2016-09-09,56.79,57.52,56.21,56.21,35113934,56.21
2016-09-12,56.0,57.205,55.61,57.05,29302962,57.05
2016-09-13,56.5,56.65,56.05,56.53,30130213,56.53
2016-09-14,56.39,56.63,56.03,56.26,24274273,56.26
2016-09-15,56.15,57.35,55.98,57.19,27062614,57.19
2016-09-16,57.63,57.63,56.75,57.25,44606965,57.25
2016-09-19,57.27,57.75,56.85,56.93,20937104,56.93
2016-09-20,57.35,57.35,56.75,56.81,17383982,56.81
2016-09-21,57.51,57.85,57.08,57.76,33707272,57.76
2016-09-22,57.92,58.0,57.63,57.82,19822203,57.82
2016-09-23,57.87,57.91,57.38,57.43,19955336,57.43
2016-09-26,57.08,57.14,56.83,56.9,21688720,56.9
2016-09-27,56.93,58.06,56.681,57.95,28065071,57.95
2016-09-28,57.88,58.06,57.67,58.03,20536400,58.03
2016-09-29,57.81,58.1679,57.21,57.4,25463536,57.4
2016-09-30,57.57,57.77,57.34,57.6,29910788,57.6
2016-10-03,57.405,57.55,57.06,57.42,19189515,57.42
2016-10-04,57.27,57.595,56.97,57.24,20085874,57.24
2016-10-05,57.29,57.9601,57.26,57.64,16726411,57.64
2016-10-06,57.74,57.86,57.28,57.74,16212611,57.74
2016-10-07,57.85,57.98,57.42,57.8,20089020,57.8
2016-10-10,57.91,58.39,57.87,58.04,18196509,58.04
2016-10-11,57.89,58.02,56.89,57.19,26497418,57.19
2016-10-12,57.11,57.27,56.4,57.11,22177464,57.11
2016-10-13,56.7,57.3,56.315,56.92,25313748,56.92
2016-10-14,57.12,57.74,57.12,57.42,27402451,57.42
2016-10-17,57.36,57.46,56.87,57.22,23830014,57.22
2016-10-18,57.53,57.945,57.41,57.66,19149538,57.66
2016-10-19,57.47,57.84,57.395,57.53,22878397,57.53
2016-10-20,57.5,57.52,56.66,57.25,49455612,57.25
2016-10-21,60.28,60.45,59.485,59.66,80032206,59.66
2016-10-24,59.94,61.0,59.93,61.0,54066978,61.0
2016-10-25,60.85,61.3699,60.8,60.99,35137164,60.99
2016-10-26,60.81,61.2,60.47,60.63,29911608,60.63
2016-10-27,60.61,60.83,60.09,60.1,28479856,60.1
2016-10-28,60.01,60.52,59.58,59.87,33574684,59.87
2016-10-31,60.16,60.42,59.92,59.92,26434697,59.92
2016-11-01,59.97,60.02,59.25,59.8,24532986,59.8
2016-11-02,59.82,59.93,59.3,59.43,22147005,59.43
2016-11-03,59.53,59.64,59.11,59.21,21600427,59.21
2016-11-04,58.65,59.28,58.52,58.71,28697016,58.71
2016-11-07,59.78,60.52,59.78,60.42,31664798,60.42
2016-11-08,60.55,60.78,60.15,60.47,22935355,60.47
2016-11-09,60.0,60.59,59.2,60.17,49632479,60.17
2016-11-10,60.48,60.49,57.6302,58.7,57822394,58.7
2016-11-11,58.23,59.116,58.01,59.02,38767843,59.02
2016-11-14,59.02,59.08,57.28,58.12,41328422,58.12
2016-11-15,58.33,59.49,58.315,58.87,35904126,58.87
2016-11-16,58.94,59.66,58.81,59.65,27332475,59.65
2016-11-17,60.41,60.95,59.965,60.64,32132728,60.64
2016-11-18,60.78,61.14,60.3,60.35,27686311,60.35
2016-11-21,60.5,60.97,60.42,60.86,19652595,60.86
2016-11-22,60.98,61.26,60.805,61.12,23206700,61.12
2016-11-23,61.01,61.1,60.25,60.4,21848913,60.4
2016-11-25,60.3,60.53,60.13,60.53,8409616,60.53
2016-11-28,60.34,61.02,60.21,60.61,20732619,60.61
2016-11-29,60.65,61.41,60.52,61.09,22366721,61.09
2016-11-30,60.86,61.18,60.215,60.26,34655435,60.26
2016-12-01,60.11,60.15,58.935,59.2,34542121,59.2
2016-12-02,59.08,59.47,58.8,59.25,25515665,59.25
2016-12-05,59.7,60.585,59.56,60.22,23552658,60.22
2016-12-06,60.43,60.46,59.8,59.95,19907035,59.95
2016-12-07,60.01,61.38,59.8,61.37,30808969,61.37
2016-12-08,61.3,61.58,60.84,61.01,21220753,61.01
2016-12-09,61.18,61.99,61.125,61.97,27349356,61.97
2016-12-12,61.82,62.3,61.72,62.17,20198081,62.17
2016-12-13,62.5,63.42,62.24,62.98,35718868,62.98
2016-12-14,63.0,63.45,62.53,62.68,30352654,62.68
2016-12-15,62.7,63.1535,62.3,62.58,27669868,62.58
2016-12-16,62.95,62.95,62.115,62.3,42453083,62.3
2016-12-19,62.56,63.77,62.42,63.62,34338219,63.62
2016-12-20,63.69,63.8,63.025,63.54,26028379,63.54
2016-12-21,63.43,63.7,63.12,63.54,17096304,63.54
2016-12-22,63.84,64.1,63.405,63.55,22176585,63.55
2016-12-23,63.45,63.54,62.8,63.24,12403819,63.24
2016-12-27,63.21,64.07,63.21,63.28,11763173,63.28
2016-12-28,63.4,63.4,62.83,62.99,14653348,62.99
2016-12-29,62.86,63.2,62.73,62.9,10250582,62.9
2016-12-30,62.96,62.99,62.03,62.14,25579908,62.14
2017-01-03,62.79,62.84,62.125,62.58,20694101,62.58
2017-01-04,62.48,62.75,62.12,62.3,21339969,62.3
2017-01-05,62.19,62.66,62.03,62.3,24875968,62.3
2017-01-06,62.3,63.15,62.04,62.84,19922919,62.84
2017-01-09,62.76,63.08,62.54,62.64,20382730,62.64
2017-01-10,62.73,63.07,62.28,62.62,18593004,62.62
2017-01-11,62.61,63.23,62.43,63.19,21517335,63.19
2017-01-12,63.06,63.4,61.95,62.61,20968223,62.61
2017-01-13,62.62,62.865,62.35,62.7,19422310,62.7
2017-01-17,62.68,62.7,62.03,62.53,20663983,62.53
2017-01-18,62.67,62.7,62.12,62.5,19670102,62.5
2017-01-19,62.24,62.98,62.195,62.3,18451655,62.3
2017-01-20,62.67,62.82,62.37,62.74,30213462,62.74
2017-01-23,62.7,63.1159,62.57,62.96,23097581,62.96
2017-01-24,63.2,63.735,62.94,63.52,24672940,63.52
2017-01-25,63.95,64.1,63.45,63.68,24654933,63.68
2017-01-26,64.12,64.535,63.55,64.27,43554645,64.27
2017-01-27,65.39,65.91,64.89,65.78,44817972,65.78
2017-01-30,65.69,65.79,64.8,65.13,31651445,65.13
2017-01-31,64.86,65.15,64.26,64.65,25270549,64.65
2017-02-01,64.355,64.62,63.47,63.58,39671528,63.58
2017-02-02,63.25,63.41,62.75,63.17,45827013,63.17
2017-02-03,63.5,63.7,63.07,63.68,30301759,63.68
2017-02-06,63.5,63.65,63.14,63.64,19796360,63.64
2017-02-07,63.74,63.78,63.23,63.43,20277226,63.43
2017-02-08,63.57,63.81,63.22,63.34,18096358,63.34
2017-02-09,63.52,64.435,63.32,64.06,22644443,64.06
2017-02-10,64.25,64.3,63.975,64.0,18170729,64.0
2017-02-13,64.24,64.86,64.13,64.72,22920101,64.72
2017-02-14,64.41,64.72,64.02,64.57,23108426,64.57
2017-02-15,64.5,64.57,64.155,64.53,17005157,64.53
2017-02-16,64.74,65.24,64.44,64.52,20546345,64.52
2017-02-17,64.47,64.69,64.3,64.62,21248818,64.62
2017-02-21,64.61,64.95,64.45,64.49,20655869,64.49
2017-02-22,64.33,64.39,64.05,64.36,19292651,64.36
2017-02-23,64.42,64.7285,64.195,64.62,20273128,64.62
2017-02-24,64.53,64.8,64.135,64.62,21796800,64.62
2017-02-27,64.54,64.54,64.045,64.23,15871507,64.23
2017-02-28,64.08,64.2,63.76,63.98,23239825,63.98
2017-03-01,64.13,64.99,64.0218,64.94,26937459,64.94
2017-03-02,64.69,64.75,63.88,64.01,24539597,64.01
2017-03-03,63.99,64.28,63.62,64.25,18139405,64.25
2017-03-06,63.97,64.56,63.81,64.27,18750255,64.27
2017-03-07,64.19,64.775,64.19,64.4,18520987,64.4
2017-03-08,64.26,65.085,64.25,64.99,21510907,64.99
2017-03-09,65.19,65.2,64.48,64.73,19846832,64.73
2017-03-10,65.11,65.26,64.75,64.93,19538245,64.93
2017-03-13,65.01,65.195,64.57,64.71,20100035,64.71
2017-03-14,64.53,64.55,64.15,64.41,14280202,64.41
2017-03-15,64.55,64.92,64.25,64.75,24833810,64.75
2017-03-16,64.75,64.76,64.3,64.64,20674296,64.64
2017-03-17,64.91,65.24,64.68,64.87,49219686,64.87
2017-03-20,64.91,65.175,64.72,64.93,14598083,64.93
2017-03-21,65.19,65.5,64.13,64.21,26640480,64.21
2017-03-22,64.12,65.14,64.12,65.03,20680015,65.03
2017-03-23,64.94,65.235,64.765,64.87,19269203,64.87
2017-03-24,65.36,65.45,64.76,64.98,22617105,64.98
2017-03-27,64.63,65.22,64.35,65.1,18614662,65.1
2017-03-28,64.96,65.47,64.65,65.29,20080358,65.29
2017-03-29,65.12,65.5,64.9475,65.47,13618424,65.47
2017-03-30,65.42,65.98,65.36,65.71,15122823,65.71
2017-03-31,65.65,66.19,65.45,65.86,21040331,65.86
2017-04-03,65.81,65.94,65.19,65.55,20400871,65.55
2017-04-04,65.39,65.81,65.28,65.73,12997449,65.73
2017-04-05,66.3,66.35,65.4443,65.56,21448594,65.56
2017-04-06,65.6,66.055,65.48,65.73,18103453,65.73
2017-04-07,65.85,65.96,65.44,65.68,14089274,65.68
2017-04-10,65.61,65.82,65.36,65.53,17952742,65.53
2017-04-11,65.6,65.61,64.85,65.48,18791533,65.48
2017-04-12,65.42,65.51,65.11,65.23,17108513,65.23
2017-04-13,65.29,65.86,64.95,64.95,17896483,64.95
2017-04-17,65.04,65.49,65.01,65.48,16689265,65.48
2017-04-18,65.33,65.71,65.16,65.39,15155611,65.39
2017-04-19,65.65,65.75,64.89,65.04,26992771,65.04
2017-04-20,65.46,65.75,65.14,65.5,22299477,65.5
2017-04-21,65.67,66.7,65.45,66.4,32522645,66.4
2017-04-24,67.48,67.66,67.1,67.53,29769976,67.53
2017-04-25,67.9,68.04,67.6,67.92,30242730,67.92
2017-04-26,68.08,68.31,67.62,67.83,26190770,67.83
2017-04-27,68.15,68.38,67.58,68.27,34970953,68.27
2017-04-28,68.91,69.14,67.69,68.46,39548818,68.46
2017-05-01,68.68,69.55,68.5,69.41,31954362,69.41
2017-05-02,69.71,69.71,69.13,69.3,23906119,69.3
2017-05-03,69.38,69.38,68.71,69.08,28927973,69.08
2017-05-04,69.03,69.08,68.64,68.81,21749409,68.81
2017-05-05,68.9,69.03,68.485,69.0,19128782,69.0
2017-05-08,68.97,69.05,68.42,68.94,18566087,68.94
2017-05-09,68.86,69.28,68.68,69.04,22858414,69.04
2017-05-10,68.99,69.56,68.92,69.31,17977830,69.31
2017-05-11,68.36,68.73,68.12,68.46,28789413,68.46
2017-05-12,68.61,68.61,68.04,68.38,18714123,68.38
2017-05-15,68.14,68.48,67.57,68.43,31530301,68.43
2017-05-16,68.23,69.44,68.16,69.41,34956038,69.41
2017-05-17,68.89,69.1,67.43,67.48,30548781,67.48
2017-05-18,67.4,68.13,67.14,67.71,25201274,67.71
2017-05-19,67.5,68.095,67.43,67.69,26961119,67.69
2017-05-22,67.89,68.5,67.5,68.45,16237550,68.45
2017-05-23,68.72,68.75,68.38,68.68,15425824,68.68
2017-05-24,68.87,68.88,68.45,68.77,14666865,68.77
2017-05-25,68.97,69.88,68.91,69.62,21854095,69.62
2017-05-26,69.8,70.22,69.52,69.96,19827923,69.96
2017-05-30,69.79,70.41,69.77,70.41,17072838,70.41
2017-05-31,70.53,70.74,69.81,69.84,30436364,69.84
2017-06-01,70.24,70.61,69.451,70.1,21603601,70.1
2017-06-02,70.44,71.86,70.24,71.76,34770261,71.76
2017-06-05,71.97,72.89,71.81,72.28,33316760,72.28
2017-06-06,72.3,72.62,72.27,72.52,31511065,72.52
2017-06-07,72.635,72.77,71.95,72.39,22301765,72.39
2017-06-08,72.51,72.52,71.5,71.95,24588270,71.95
2017-06-09,72.035,72.08,68.59,70.32,49187396,70.32
2017-06-12,69.25,69.94,68.13,69.78,47761743,69.78
2017-06-13,70.02,70.82,69.96,70.65,25258614,70.65
2017-06-14,70.91,71.1,69.43,70.27,25510685,70.27
2017-06-15,69.27,70.21,68.8,69.9,26068709,69.9
2017-06-16,69.73,70.0252,69.22,70.0,48345085,70.0
2017-06-19,70.5,70.945,70.35,70.87,23798268,70.87
2017-06-20,70.82,70.87,69.87,69.91,21512231,69.91
2017-06-21,70.21,70.62,69.94,70.27,19891051,70.27
2017-06-22,70.54,70.59,69.71,70.26,22965738,70.26
2017-06-23,70.09,71.25,69.92,71.21,27617291,71.21
2017-06-26,71.4,71.71,70.445,70.53,19606974,70.53
2017-06-27,70.11,70.18,69.18,69.21,25215128,69.21
2017-06-28,69.21,69.841,68.79,69.8,25806200,69.8
2017-06-29,69.38,69.49,68.09,68.49,28918715,68.49
2017-06-30,68.78,69.38,68.74,68.93,24161068,68.93
2017-07-03,69.33,69.6,68.02,68.17,16165538,68.17
2017-07-05,68.255,69.44,68.22,69.08,21176272,69.08
2017-07-06,68.27,68.78,68.12,68.57,21117572,68.57
2017-07-07,68.7,69.84,68.7,69.46,16878317,69.46
2017-07-10,69.46,70.25,69.2,69.98,15014503,69.98
2017-07-11,70.0,70.68,69.75,69.99,17460022,69.99
2017-07-12,70.69,71.28,70.55,71.15,17750925,71.15
2017-07-13,71.5,72.0399,71.31,71.77,20269816,71.77
2017-07-14,72.24,73.27,71.96,72.78,25868086,72.78
2017-07-17,72.8,73.45,72.72,73.35,21803907,73.35
2017-07-18,73.09,73.39,72.66,73.3,26435296,73.3
2017-07-19,73.5,74.04,73.45,73.86,22416222,73.86
2017-07-20,74.18,74.3,73.28,74.22,42361025,74.22
2017-07-21,73.45,74.29,73.17,73.79,46717082,73.79
2017-07-24,73.53,73.75,73.13,73.6,21394826,73.6
2017-07-25,73.8,74.31,73.5,74.19,22018681,74.19
2017-07-26,74.34,74.38,73.81,74.05,16252233,74.05
2017-07-27,73.76,74.42,72.32,73.16,36844220,73.16
2017-07-28,72.67,73.31,72.54,73.04,18306680,73.04
2017-07-31,73.3,73.44,72.41,72.7,23600054,72.7
2017-08-01,73.1,73.42,72.49,72.58,20823890,72.58
2017-08-02,72.55,72.56,71.445,72.26,26499158,72.26
2017-08-03,72.19,72.44,71.845,72.15,18214424,72.15
2017-08-04,72.4,73.04,72.24,72.68,22578952,72.68
2017-08-07,72.8,72.9,72.26,72.4,18705681,72.4
2017-08-08,72.09,73.13,71.75,72.79,22044587,72.79
2017-08-09,72.25,72.51,72.05,72.47,22213410,72.47
2017-08-10,71.9,72.19,71.35,71.41,24734461,71.41
2017-08-11,71.61,72.7,71.28,72.5,21443675,72.5
2017-08-14,73.06,73.72,72.95,73.59,20096592,73.59
2017-08-15,73.59,73.59,73.04,73.22,19181402,73.22
2017-08-16,73.34,74.1,73.17,73.65,18150402,73.65
2017-08-17,73.58,73.87,72.4,72.4,22977519,72.4
2017-08-18,72.27,72.84,71.93,72.49,18761491,72.49
2017-08-21,72.47,72.48,71.7,72.15,17734767,72.15
2017-08-22,72.35,73.24,72.35,73.16,14343674,73.16
2017-08-23,72.96,73.15,72.53,72.72,13766507,72.72
2017-08-24,72.74,72.86,72.07,72.69,17098282,72.69
2017-08-25,72.86,73.35,72.48,72.82,12794301,72.82
2017-08-28,73.06,73.09,72.55,72.83,14569715,72.83
2017-08-29,72.25,73.16,72.05,73.05,11478382,73.05
2017-08-30,73.01,74.2099,72.8293,74.01,16897801,74.01
2017-08-31,74.03,74.96,73.8,74.77,27652811,74.77
2017-09-01,74.71,74.74,73.64,73.94,21736161,73.94
2017-09-05,73.34,73.89,72.98,73.61,22242384,73.61
2017-09-06,73.74,74.04,73.35,73.4,16535785,73.4
2017-09-07,73.68,74.6,73.6,74.34,17471200,74.34
2017-09-08,74.33,74.44,73.84,73.98,14703816,73.98
2017-09-11,74.31,74.945,74.31,74.76,17910383,74.76
2017-09-12,74.76,75.24,74.37,74.68,14394850,74.68
2017-09-13,74.93,75.23,74.55,75.21,13380802,75.21
2017-09-14,75.0,75.49,74.52,74.77,15733914,74.77
2017-09-15,74.83,75.39,74.07,75.31,38578441,75.31
2017-09-18,75.23,75.97,75.04,75.16,23306959,75.16
2017-09-19,75.21,75.71,75.01,75.44,16093344,75.44
2017-09-20,75.35,75.55,74.31,74.94,21587878,74.94
2017-09-21,75.11,75.24,74.11,74.21,19186140,74.21
2017-09-22,73.99,74.51,73.85,74.41,14111365,74.41
2017-09-25,74.09,74.25,72.92,73.26,24149163,73.26
2017-09-26,73.67,73.81,72.99,73.26,18019577,73.26
2017-09-27,73.55,74.17,73.17,73.85,19565135,73.85
2017-09-28,73.54,73.97,73.31,73.87,10883787,73.87
2017-09-29,73.94,74.535,73.88,74.49,17079114,74.49
2017-10-02,74.71,75.01,74.295,74.61,15304762,74.61
2017-10-03,74.67,74.88,74.195,74.26,12190403,74.26
2017-10-04,74.0,74.72,73.71,74.69,13317681,74.69
2017-10-05,75.22,76.12,74.96,75.97,21195261,75.97
2017-10-06,75.67,76.03,75.54,76.0,13959814,76.0
2017-10-09,75.97,76.55,75.86,76.29,11386502,76.29
2017-10-10,76.33,76.63,76.14,76.29,13944545,76.29
2017-10-11,76.36,76.46,75.95,76.42,15388898,76.42
2017-10-12,76.49,77.29,76.37,77.12,16876538,77.12
2017-10-13,77.59,77.87,77.29,77.49,15335742,77.49
2017-10-16,77.42,77.81,77.35,77.65,12380093,77.65
2017-10-17,77.47,77.62,77.25,77.59,16823989,77.59
2017-10-18,77.67,77.85,77.37,77.61,13300701,77.61
2017-10-19,77.57,77.93,77.35,77.91,15092758,77.91
2017-10-20,78.32,78.97,78.22,78.81,22866426,78.81
2017-10-23,78.99,79.34,78.76,78.83,20627173,78.83
2017-10-24,78.9,79.2,78.46,78.86,17517182,78.86
2017-10-25,78.58,79.1,78.01,78.63,20410808,78.63
2017-10-26,79.2,79.42,78.75,78.76,32120717,78.76
2017-10-27,84.37,86.2,83.61,83.81,71066729,83.81
2017-10-30,83.7,84.325,83.105,83.89,31756653,83.89
2017-10-31,84.36,84.36,83.11,83.18,27086575,83.18
2017-11-01,83.68,83.76,82.88,83.18,22307371,83.18
2017-11-02,83.35,84.46,83.12,84.05,23992945,84.05
2017-11-03,84.08,84.54,83.4,84.14,17633543,84.14
2017-11-06,84.2,84.7,84.0825,84.47,19860852,84.47
2017-11-07,84.77,84.9,83.93,84.27,17939727,84.27
2017-11-08,84.14,84.61,83.83,84.56,18034170,84.56
2017-11-09,84.11,84.27,82.9,84.09,21171550,84.09
2017-11-10,83.79,84.095,83.23,83.87,19397793,83.87
2017-11-13,83.66,83.94,83.46,83.93,14196896,83.93
2017-11-14,83.5,84.1,82.98,84.05,18801280,84.05
2017-11-15,83.47,83.69,82.69,82.98,19383102,82.98
2017-11-16,83.1,83.42,82.94,83.2,20962750,83.2
2017-11-17,83.12,83.12,82.24,82.4,22078993,82.4
2017-11-20,82.4,82.59,82.25,82.53,16314978,82.53
2017-11-21,82.74,83.84,82.74,83.72,21237454,83.72
2017-11-22,83.83,83.9,83.04,83.11,20553089,83.11
2017-11-24,83.01,83.43,82.78,83.26,7425603,83.26
2017-11-27,83.31,83.98,83.3,83.87,18265242,83.87
2017-11-28,84.07,85.06,84.02,84.88,21925959,84.88
2017-11-29,84.71,84.9172,83.175,83.34,27381109,83.34
2017-11-30,83.51,84.52,83.34,84.17,33054647,84.17
2017-12-01,83.6,84.81,83.22,84.26,29532132,84.26
2017-12-04,84.42,84.4299,80.7,81.08,39094880,81.08
2017-12-05,81.34,82.68,80.9801,81.59,26152261,81.59
2017-12-06,81.55,83.14,81.43,82.78,26162054,82.78
2017-12-07,82.54,82.8,82.0,82.49,23184547,82.49
2017-12-08,83.63,84.58,83.33,84.16,24489106,84.16
2017-12-11,84.29,85.37,84.12,85.23,22857854,85.23
2017-12-12,85.31,86.05,85.08,85.58,23924105,85.58
2017-12-13,85.74,86.0,85.17,85.35,22062679,85.35
2017-12-14,85.43,85.8739,84.53,84.69,19305961,84.69
2017-12-15,85.26,87.09,84.88,86.85,53936687,86.85
2017-12-18,87.12,87.4999,86.23,86.38,22283752,86.38
2017-12-19,86.35,86.35,85.27,85.83,23524787,85.83
2017-12-20,86.2,86.3,84.71,85.52,23674931,85.52
2017-12-21,86.05,86.1,85.4,85.5,17990745,85.5
2017-12-22,85.4,85.63,84.92,85.51,14145841,85.51
2017-12-26,85.31,85.5346,85.03,85.4,9891237,85.4
2017-12-27,85.65,85.98,85.215,85.71,14678025,85.71
2017-12-28,85.9,85.93,85.55,85.72,10594344,85.72
2017-12-29,85.63,86.05,85.5,85.54,18717406,85.54
2018-01-02,86.125,86.31,85.5,85.95,22483797,85.95
2018-01-03,86.055,86.51,85.97,86.35,26061439,86.35
2018-01-04,86.59,87.66,86.57,87.11,21911974,87.11
2018-01-05,87.66,88.41,87.43,88.19,23407110,88.19
2018-01-08,88.2,88.58,87.6046,88.28,22113049,88.28
2018-01-09,88.65,88.7272,87.86,88.22,19484317,88.22
2018-01-10,87.86,88.19,87.41,87.82,18652201,87.82
2018-01-11,88.13,88.13,87.24,88.08,17808877,88.08
2018-01-12,88.67,89.78,88.45,89.6,24271531,89.6
2018-01-16,90.1,90.79,88.0104,88.35,36599736,88.35
2018-01-17,89.08,90.28,88.75,90.14,25621164,90.14
2018-01-18,89.8,90.67,89.66,90.1,24159683,90.1
2018-01-19,90.14,90.61,89.66,90.0,36875013,90.0
2018-01-22,90.0,91.62,89.74,91.61,23601555,91.61
2018-01-23,91.9,92.3,91.54,91.9,23412841,91.9
2018-01-24,92.55,93.43,91.58,91.82,33277483,91.82
2018-01-25,92.465,93.24,91.93,92.33,26383238,92.33
2018-01-26,93.12,94.06,92.58,94.06,29172167,94.06
2018-01-29,95.14,95.45,93.72,93.92,31569940,93.92
2018-01-30,93.3,93.66,92.1,92.74,38635053,92.74
2018-01-31,93.75,95.4,93.51,95.01,48756338,95.01
2018-02-01,94.79,96.07,93.5813,94.26,47227882,94.26
2018-02-02,93.64,93.97,91.5,91.78,47867753,91.78
2018-02-05,90.56,93.24,88.0,88.0,51031465,88.0
2018-02-06,86.89,91.475,85.25,91.33,67998564,91.33
2018-02-07,90.49,91.77,89.2,89.61,41107592,89.61
